{"cameraMode":{"drawMode":0,"name":"Shaded","section":"Shading Mode"},"sceneLighting":false,"audioPlay":false,"sceneViewState":{"m_AlwaysRefresh":false,"showFog":true,"showSkybox":false,"showFlares":true,"showImageEffects":true,"showParticleSystems":true,"showVisualEffectGraphs":true,"m_FxEnabled":true},"in2DMode":false,"pivot":{"x":-0.007727861404418945,"y":-0.02624395489692688,"z":-0.01573765277862549},"rotation":{"x":0.07526892423629761,"y":0.843254029750824,"z":-0.12253931164741516,"w":0.5179299712181091},"size":0.22853034734725953,"orthographic":false}